t,E,N
0.0,0.0,0.0
5.02,0.7039162245898493,0.3801341194357237
7.54,1.387343463845285,-0.035711054449573953
8.21,2.055209637746622,-0.4761140219218533
9.0,2.3889472196593937,-1.203176073207035
10.72,1.7704448333111964,-1.7105761107332313
11.44,1.0794094436732813,-2.1136518979841834
13.95,0.5310259088282129,-1.5311782945386474
14.67,0.20332842820362146,-0.8013739637812206
17.34,0.852223591858283,-0.33346898775981726
18.07,1.586642385103088,-0.016248187482085674
18.81,2.247197930193226,0.43504592044607093
22.05,2.9541944786247383,0.06067193563151696
22.73,3.51376967488171,-0.5110584201604171
23.4,3.908053500701238,-1.207147685051865
24.05,4.283334023308157,-1.9136634522870186
24.64,4.784327846713069,-2.5373662572431357
25.25,5.35357004986699,-3.099472398597658
25.88,6.106461237305222,-3.3699439495560695
26.52,6.905705965565944,-3.4046982924134066
27.1,7.705651105759186,-3.4140669999664777
27.69,8.501241170550182,-3.497950543083456
28.28,9.295379711938041,-3.5946147923298164
28.87,10.095137668690654,-3.6142924601511717
29.44,10.894889339715704,-3.634223960160965
30.0,11.687621073969321,-3.7418176286886804
30.57,12.464485940588963,-3.932817573746387
31.14,13.248134455550517,-4.093736823677992
31.72,14.047917030751307,-4.112387089230873
32.29,14.83233129895817,-3.9552430284665756
32.86,15.615763329624663,-3.793273113587996
33.46,16.34401230943422,-3.46213353062284
34.04,17.00828604511501,-3.016330430493772
34.64,17.625248911047162,-2.5070595575187054
35.22,18.158882526203165,-1.911043479903734
35.84,18.660589459290893,-1.2879141568160568
36.44,19.081367079692118,-0.6075126619841567
37.03,19.293178747247186,0.16393780142068293
37.61,19.2752754131648,0.9637374454745763
38.2,19.14790009891098,1.7535320575850548
38.76,18.933753763040126,2.5243377054841134
39.32,18.79048107540998,3.3114037363730304
39.89,18.75450609949628,4.110594452728025
40.47,18.78156450317268,4.9101367235245625
41.06,18.58460876017668,5.68551304203119
41.64,18.323834310112225,6.441817667293777
42.23,18.062340300832247,7.19787380483297
42.83,17.902647082336475,7.9817730815047
43.42,17.638017656715803,8.736737495961219
44.01,17.40873585676316,9.503177223670107
44.61,17.038659027876605,10.212432566068932
45.2,16.649681765687617,10.911501010142873
45.8,16.146343951154048,11.533313718649678
46.42,15.683745263443853,12.186002353550583
47.02,15.136511731901,12.769556517236472
47.65,14.902957308243494,12.957844411669463
48.34,14.604476617764139,12.987998638752364
49.05,14.310241913448715,12.929467119240096
49.69,14.024715063922269,12.837410516003272
50.32,13.72511232459818,12.852844199604496
50.92,13.42776423228356,12.892645104077333
51.55,13.296073503027998,13.162195752060487
52.19,13.134659470164104,13.415070246611863
52.91,12.937709187355324,13.641367807583125
53.5,12.703594838353427,13.828959042963186
54.17,12.412399248887642,13.901105620676024
54.91,12.114050640411893,13.869671438316935
55.68,11.828179751265104,13.960654045107596
56.37,11.695074496108482,14.229509007958741
57.03,11.8125073927164,14.505569716489083
57.69,12.070618809141282,14.658470000043891
58.28,12.359487221791372,14.739433202630108
58.92,12.659371976849535,14.731118535847502
59.51,12.952452066823612,14.667055591325836
60.12,13.244149666446665,14.596966288474768
60.78,13.539422497371525,14.54391956079418
61.41,13.838465951079836,14.519981875145694
62.02,14.138230034318573,14.531877017012865
62.67,14.43194782402255,14.592949596878219
63.35,14.720426053936285,14.675292239936596
63.96,15.000614034584379,14.782505557674382
64.73,15.293182356493663,14.848866517697465
65.51,15.59296974822199,14.860158982473909
66.21,15.837024503142311,14.685696159497832
66.87,15.96259680475434,14.413241397990792
67.49,16.108050861249662,14.15086167802552
68.09,16.29075966628568,13.912917372436354
68.67,16.90371098216079,13.398825275271875
69.22,17.243583099924816,12.674610567076442
69.79,17.627424130181765,11.972708819328735
70.35,17.968555600111806,11.249086459099747
70.93,18.45291178232615,10.612376879502625
71.5,18.873310970153813,9.931741497764472
72.06,19.35905424999246,9.296089496987637
72.65,19.733229405909945,8.588987699016421
73.23,20.261284616730126,7.988023728111631
73.83,20.558856703579277,7.2454263586520815
74.43,20.932785782506077,6.538194399579985
77.97,21.459365511356715,5.935937154572846
78.66,21.707887746672295,5.175518389316657
79.26,22.059767688486854,4.4570613575126785
79.84,22.133322573846616,3.6604499849854517
80.39,21.981305944374473,2.875025931136877
80.99,21.553133977351532,2.1992532129425815
81.58,20.87900083925258,1.768504432193454
82.15,20.088848333099428,1.643368438091457
82.73,19.291095000544924,1.703281878972316
83.31,18.49947835724988,1.81879417294265
83.88,17.775946127357642,2.1601167656715257
84.45,17.018773648383167,2.4183605208402534
85.05,16.357108536528497,2.8680262630914775
85.66,15.682370783484902,3.2978273387272665
86.28,15.310562720564757,4.006176662399965
86.89,15.056073697975553,4.764619367804659
87.49,14.893844149098662,5.547997675821419
88.08,14.559370229820521,6.274721280311269
88.66,14.250994330414219,7.012897617418707
89.24,13.697911125667172,7.590910565912714
89.83,13.370842612152147,8.320996990568776
90.43,13.002382267963734,9.031093445116014
91.05,13.230085211736949,9.798003719787706
91.63,13.537880419383267,10.53642237485403
92.23,13.665043001119091,11.326251266327544
92.8,13.825011826288925,12.110094346907951
93.44,14.18320285190355,12.825425870866699
94.02,14.48863189386477,13.564826371493153
94.61,14.767358254093915,14.31470077171856
95.18,14.831507140538182,15.112124699355522
95.8,15.032717070251655,15.886407957720767
96.38,15.175440883387571,16.67357370466606
96.96,15.184163802920967,17.473526147424263
97.53,14.957269080203792,18.240675927325878
98.1,14.89542357661463,19.038281803486406
98.68,14.77339315269757,19.82891988480973
99.3,14.513614234218947,20.585567037394128
99.87,14.085795372446151,21.261563355070066
100.48,13.858596266826547,22.028623044015884
101.05,13.632371992573104,22.79597079942962
101.63,13.604375848427601,23.595480784303472
102.22,13.713704677680052,24.387975078979647
102.84,13.802413129437832,25.18304162373344
103.41,14.002830486308364,25.957530411944756
104.0,14.311458064799908,26.695601558782542
104.58,14.867489047565416,27.270779397546193
105.17,15.342131156917256,27.914762990528214
105.74,15.889013273292315,28.498646498420957
106.34,16.573198230731744,28.91324382597337
106.92,17.368848382032976,28.82993214171284
107.53,18.117988900454677,28.549239278143308
108.12,18.752561843859862,28.06208716689049
108.73,19.111413809130422,27.34708698016222
109.33,19.097852222578894,26.547201936315165
110.0,18.648634013075323,25.88523290361771
110.66,17.896106763392993,25.613750420784015
111.32,17.602924294730606,25.55015765335698
112.09,17.310042104839226,25.485195950451118
112.74,17.02982094957668,25.378069370447253
113.3,16.736524426363566,25.315004725271866
113.84,16.444409404340522,25.246676005772102
114.39,16.14444162722283,25.242279110154804
114.92,15.847773766373493,25.197690094253137
115.49,15.548017786854825,25.18559246048436
116.05,15.250984729992856,25.143504895441527
116.61,14.956811885095727,25.08466326625666
117.14,14.673425847290254,24.98621351472363
117.68,14.390716627806961,24.88583673842977
118.22,14.14650132884641,24.71159871802777
118.76,13.988046167189271,24.456859710916156
119.41,14.0082323286902,24.157539616562538
120.04,14.106630532302747,23.87413567600097
120.64,14.32141595737404,23.664690644603844
121.26,14.590299836148994,23.531643811740615
121.9,14.883147278761237,23.596761976299117
122.57,15.114002178235818,23.788350116298915
123.28,15.363788564013698,23.954502941974628
124.1,15.506700377868533,23.690729907983812
124.66,15.750695834354374,23.516184162649626
125.23,16.030247249248877,23.407321834774084
125.78,16.326876092962642,23.362473991157763
126.32,16.624527039508063,23.39994283182058
126.86,16.924421932188544,23.40788344540913
127.41,17.221325710595274,23.450873518307517
127.96,17.520025365290046,23.478775422995618
128.5,17.81995953074943,23.485060038352398
129.02,18.114772291870842,23.4295133383607
129.58,18.379339892805135,23.28807789536329
130.13,18.60906523892359,23.09513680240807
130.72,18.82088425809516,22.88269221406279
131.34,19.035418618147464,22.672990024381928
131.93,19.235416622511334,22.44938144169676
132.53,19.778614798631946,21.862069138523022
133.12,20.263578376198762,21.225822072963112
133.72,20.71442799735299,20.564963072036974
134.34,21.1175174521438,19.87393565475424
134.96,21.26108011737769,19.086922464806992
135.57,21.225166967420183,18.287728967798834
136.17,21.194179637799518,17.488329327191597
136.76,21.3159655670842,16.697653548235223
137.34,21.484013426204687,15.915502720680193
137.91,21.68466698750288,15.14107509440492
138.49,21.956718594388132,14.388753405769565
139.08,22.0183573561826,13.59113152602676
139.69,21.823873121012554,12.815131601883516
140.29,21.52631563252604,12.072528382764721
140.91,21.006261579092207,11.464627254696149
141.53,20.341916920750794,11.018929851816988
142.14,19.5967948684845,10.727737257085481
142.75,18.820220666214404,10.535558932687128
143.38,18.02710223101141,10.430853881514066
143.99,17.22756372173283,10.403684557256847
144.56,16.472016412234847,10.666645130557022
145.21,15.703802487037034,10.88991036549558
145.81,14.937569652717048,11.119882632540891
146.42,14.148480480299103,11.251557527539
147.01,13.363400391819662,11.405340669245472
147.62,12.563954006803758,11.435097642966019
148.26,11.765574284049846,11.485987900337996
148.89,10.966716583743068,11.528724005220948
149.53,10.166717447175541,11.527548636677645
150.23,9.366974295060853,11.547819074405096
153.68,8.988681183441281,12.252726388667888
154.48,8.692331908031738,12.995812592929708
157.24,8.06536645548598,12.49890785224585
157.95,7.459581312877147,11.976390521438157
158.81,6.814494107232364,11.503249425026732
161.9,6.509265586212225,12.242732724335012
162.73,6.350796858721307,13.02688045429883
164.65,7.024293740580655,13.458623375637139
165.41,7.702220659332357,13.883376354239788
166.19,8.352908261510008,14.348785469290513
168.99,9.022116008410103,13.910423756216828
169.7,9.748158147500174,13.574473146356517
170.43,10.31705552456739,13.01201801537624
172.35,9.712559696478664,12.488009624390632
173.12,9.018930223580496,12.089414398218755
176.28,8.666982317648705,12.807838139133702
177.23,8.288870727569208,13.512842838017018
